{
  "baseline_auc": 0.7565432098765432,
  "decomposition_auc": 0.6735802469135803,
  "combined_auc": 0.7738271604938273,
  "delta": -0.0829629629629629
}